Source,Target
1,31421
1,21558
6,37417
6,43893
6,14991
6,45241
68,28603
68,40182
68,34673
68,39546
68,17179
95,6
95,5028
101,30573
101,44147
101,40760
101,2211
109,37084
109,17287
109,37566
142,7601
142,33789
142,17513
142,23276
153,46027
153,27216
153,39086
156,35349
156,17724
156,13758
156,5757
156,9008
156,17985
156,14504
170,3076
170,26076
170,44335
205,36093
205,10568
205,30085
205,14732
214,31762
463,41063
463,33083
463,29561
463,14491
523,17310
566,32191
566,15479
566,12018
646,4620
646,36176
646,28456
646,31821
667,2211
667,23870
667,10487
667,28603
836,21558
836,46429
853,8318
853,38604
853,31968
853,34173
853,3350
885,23041
885,16580
885,33126
885,23476
885,45874
975,38687
975,1593
1023,29902
1023,12301
1023,44253
1023,43129
1023,37082
1023,12599
1068,40395
1068,3231
1071,3222
1071,8523
1127,3313
1127,14100
1127,16742
1127,23017
1127,15327
1127,40395
1127,6557
1127,4590
1140,39667
1140,38498
1140,26028
1140,17287
1140,42235
1140,25156
1168,23309
1168,24393
1168,7601
1168,37824
1231,32205
1303,33568
1303,3231
1303,29860
1500,11982
1500,566
1591,19616
1591,42235
1591,16507
1591,109
1591,39070
1593,36834
1593,45874
1593,38356
1593,1
1611,19012
1611,33034
1611,22801
1688,38096
1688,16343
1688,37123
1688,6042
1688,5656
1688,24715
1688,20107
1788,31678
1788,28603
1788,21513
1788,43541
1886,14166
1886,36893
1886,33187
1886,23511
1906,28629
1906,37284
1906,18508
1906,3153
1906,22621
1906,17179
1932,16086
1932,22987
1932,17310
1932,5427
1945,3076
1945,19902
1945,20487
1945,28569
2110,37204
2110,24193
2110,26962
2110,19119
2149,22081
2149,40550
2149,45874
2149,22192
2149,27211
2149,5757
2149,5971
2149,33034
2160,35688
2184,39855
2184,21354
2184,21191
2184,19728
2184,20058
2184,33034
2211,3076
2211,10580
2211,24416
2211,31388
2211,37998
2211,9500
2211,41359
2233,7228
2233,44284
2233,12128
2293,43893
2293,1127
2293,3222
2293,20684
2293,3749
2293,29370
2293,3420
2450,9890
2509,33810
2509,37204
2509,42556
2597,7207
2597,37249
2597,18059
2597,40760
2608,17507
2608,10955
2608,31821
2616,23276
2616,24021
2616,36893
2616,43719
2749,29315
2749,44981
2816,41870
2816,44981
2816,3838
2816,25085
2822,23015
2822,19902
2822,40550
2824,40165
2824,30575
2824,23237
2824,27220
2865,27025
2865,22761
2865,44356
2865,5466
2865,23900
2865,33789
2865,8620
2865,5212
2865,11238
2893,41612
2893,34173
2934,38624
2934,5096
2934,26859
2947,20487
2947,32620
2953,42660
2953,34872
2953,23368
2953,33559
3076,16355
3076,24193
3076,39126
3076,22285
3076,8128
3076,33083
3096,7099
3107,34129
3107,16095
3107,4037
3107,25680
3122,23611
3122,34684
3122,31388
3129,16355
3129,14828
3129,41032
3129,44877
3129,34058
3129,16624
3153,17472
3153,15992
3153,38624
3153,41535
3153,4312
3222,9711
3222,25085
3222,11207
3222,38009
3222,24530
3222,14056
3231,5096
3231,23625
3231,32094
3231,27025
3312,4620
3312,44762
3312,12868
3312,38604
3312,39567
3312,12644
3312,3222
3312,31681
3312,34022
3312,2110
3312,3496
3312,38197
3313,19704
3313,9503
3313,32915
3313,22192
3350,4536
3350,14414
3350,17796
3350,4028
3350,12258
3380,44375
3380,20529
3380,1932
3396,41825
3396,5134
3420,46194
3420,45575
3420,34357
3420,8629
3420,23511
3444,44473
3496,19760
3496,41360
3496,45442
3536,32205
3536,836
3536,23237
3536,37998
3536,5026
3536,3153
3555,29712
3555,14858
3584,22217
3584,39675
3584,16990
3584,28238
3584,39675
3584,42245
3610,19119
3610,16097
3610,5083
3610,14504
3610,10580
3610,20019
3610,15842
3643,38434
3643,11238
3643,9500
3658,25156
3658,6884
3658,26098
3714,6884
3714,35109
3717,44877
3717,7099
3717,14655
3717,24416
3717,36498
3749,5600
3749,19327
3749,36044
3749,36910
3838,28318
3838,14239
3838,27479
3997,5589
3997,37714
3997,5096
3997,27607
4028,42166
4028,885
4028,16507
4037,17468
4037,37417
4037,16682
4037,12968
4084,19728
4084,15543
4084,2824
4084,45945
4084,19751
4084,3997
4084,22034
4095,35470
4095,36910
4095,4028
4146,8876
4146,37204
4146,34173
4146,4084
4146,40483
4146,19760
4146,26076
4176,13071
4176,31762
4176,32878
4176,32620
4176,5428
4176,22109
4176,35109
4185,37744
4185,1023
4185,17724
4185,17724
4291,36093
4291,20093
4291,19936
4291,18252
4312,41441
4312,45852
4312,101
4312,2184
4355,7436
4355,10158
4355,38961
4355,22987
4355,16742
4355,38690
4355,26098
4536,45575
4536,29370
4536,29054
4590,37462
4590,9397
4590,6642
4620,16350
4620,25002
4620,29987
4620,34684
4620,23110
4620,10487
4718,26859
4718,1023
4718,5228
4718,32915
4895,12258
4895,27046
4895,6440
4895,7604
4895,19119
4895,38604
4895,10563
4895,16355
4895,16159
4916,38128
4916,30158
4916,35349
4916,33524
4939,13718
4939,8919
4939,45427
4972,1886
4972,10568
4972,8138
4972,23110
4972,28318
4986,5245
4993,20487
4993,31266
4993,46028
4993,4972
4993,44870
4993,12249
4993,17403
5000,38528
5000,40003
5000,4084
5000,19098
5004,16401
5004,24477
5004,16097
5026,20948
5026,33524
5026,10580
5026,35199
5028,8919
5028,13704
5028,9233
5028,12249
5044,7791
5044,4146
5044,19732
5044,25440
5077,3610
5077,33524
5077,25095
5077,7602
5077,45910
5077,44815
5077,44870
5080,12301
5080,18079
5083,17287
5083,3420
5083,14414
5083,23900
5083,29644
5083,17468
5083,30901
5096,7919
5096,15212
5096,43319
5096,40720
5096,39865
5096,31678
5096,12758
5134,28514
5134,5971
5134,22812
5134,31472
5135,5466
5135,4895
5135,19618
5135,12720
5151,30126
5157,7228
5157,38690
5157,37664
5212,9896
5212,3129
5212,13127
5212,14111
5228,22704
5228,28514
5228,32620
5228,19059
5245,29987
5245,35688
5245,12258
5245,43259
5245,4037
5245,5077
5247,7641
5247,39865
5247,8923
5247,27855
5247,22130
5270,17592
5427,14391
5427,11584
5427,25292
5427,1593
5428,35188
5428,44356
5428,29235
5428,38659
5428,12128
5428,33126
5466,153
5466,5000
5466,12249
5466,19059
5466,38195
5466,33126
5466,11485
5507,20691
5507,15327
5507,33559
5507,41820
5507,9241
5565,20343
5565,19063
5565,35349
5565,33325
5565,34551
5588,40550
5588,34173
5588,39888
5589,16580
5589,37220
5589,3496
5589,2953
5600,9604
5600,43450
5656,19012
5656,42261
5656,28514
5656,33044
5723,19477
5723,13349
5723,40483
5757,14504
5757,10158
5757,20107
5757,11143
5757,17287
5801,45241
5971,44103
5971,45241
5971,23110
5971,2816
5971,34263
5971,24477
5971,26775
5971,21191
5971,19291
5971,8608
5971,4939
6042,2509
6042,46299
6042,32587
6042,39567
6042,2184
6176,31674
6176,21314
6176,37204
6176,35092
6176,12758
6176,38659
6176,17234
6207,32191
6207,6844
6207,32382
6255,5083
6255,14888
6255,4620
6440,45111
6440,33325
6440,34103
6440,10521
6440,3153
6440,33126
6440,14772
6464,39575
6464,23900
6464,20028
6481,34385
6481,37664
6481,20684
6481,38901
6557,68
6557,32094
6631,31674
6642,45687
6642,37478
6681,15877
6681,20058
6681,25897
6681,46024
6681,29315
6681,17472
6764,27717
6764,4718
6764,17287
6764,9524
6764,27625
6844,14858
6844,14732
6844,43319
6844,566
6844,41535
6844,23237
6844,19059
6844,17179
6884,14491
6884,16742
6910,31681
6910,20028
6910,43807
6910,20392
7005,12620
7005,14239
7005,15423
7099,16401
7099,12644
7099,33126
7099,34551
7099,23611
7099,42376
7099,31681
7099,23041
7099,7602
7207,4084
7207,10568
7207,8138
7208,7697
7208,33821
7208,7436
7208,22987
7208,22285
7228,9563
7228,33083
7228,37207
7228,23041
7436,37714
7436,32980
7436,20019
7436,25232
7436,34378
7436,42719
7467,25897
7467,8138
7467,10614
7601,9500
7601,35092
7601,40300
7601,2893
7601,12249
7601,45874
7601,44815
7601,34047
7602,22761
7602,40202
7602,26962
7602,31678
7604,7791
7604,37220
7604,38000
7604,5565
7641,33813
7641,44103
7697,5228
7697,33178
7697,21504
7697,32620
7697,33187
7791,27672
7791,28238
7791,17310
7791,17223
7791,9563
7791,8336
7801,101
7801,38687
7824,22343
7919,31678
7919,41359
7919,3749
7919,19728
7919,24156
7924,18136
7924,13673
7924,95
7924,33081
7924,5077
7924,22034
7924,23476
8128,12471
8128,37417
8138,3350
8138,34357
8138,38096
8138,1
8138,5077
8138,33978
8138,29054
8138,2110
8138,34833
8188,28514
8188,27025
8188,42616
8188,1688
8219,4037
8219,15302
8223,33524
8223,33810
8318,27268
8318,9302
8336,19739
8336,5247
8336,10007
8397,30126
8397,21130
8397,15557
8421,9524
8421,21110
8421,27836
8523,6481
8523,34472
8523,15269
8608,38197
8608,5801
8608,37417
8608,22522
8608,23611
8620,10007
8620,25897
8620,2149
8620,23109
8620,34022
8620,12375
8620,37805
8620,24543
8620,3312
8620,37165
8620,22761
8620,13878
8629,43893
8629,19223
8629,22621
8629,10080
8629,23668
8629,23017
8876,3536
8893,36498
8893,21174
8919,15011
8919,17724
8919,25680
8919,29054
8919,22176
8923,31961
8923,33325
8923,12258
8923,43253
8923,38128
8955,26076
8955,25156
8955,21558
8955,44253
8955,3714
9008,37123
9008,29644
9008,15327
9008,6681
9118,13563
9118,25149
9138,20684
9138,38917
9138,39989
9190,44375
9190,37284
9190,17085
9190,38434
9198,3610
9198,14491
9198,19063
9198,37998
9233,14828
9233,40395
9233,24416
9241,34551
9241,23870
9241,12072
9241,3658
9241,9500
9241,22092
9241,30652
9274,33545
9274,42660
9274,26028
9302,42560
9302,44375
9302,37057
9302,42018
9340,3997
9340,28514
9340,24193
9377,15039
9377,16097
9377,23611
9377,28569
9377,33126
9377,31961
9377,26775
9377,28514
9377,19728
9397,35479
9397,5135
9500,44873
9500,13276
9500,39788
9500,23110
9503,4084
9503,4895
9503,18059
9506,13844
9506,15039
9506,15039
9506,39770
9524,34263
9524,41150
9524,9604
9563,29370
9563,19653
9563,22217
9563,43338
9563,8138
9563,5565
9563,18238
9602,4590
9602,27832
9602,5247
9604,17985
9604,31732
9604,6
9604,20058
9604,27479
9604,24543
9711,33545
9711,9138
9711,46313
9711,34673
9711,38009
9711,7208
9770,16682
9816,15011
9816,36967
9816,19751
9816,2160
9890,44877
9890,15039
9890,4895
9896,39575
9896,5757
9896,33126
10007,40720
10007,7791
10007,15877
10007,24416
10007,11584
10067,39162
10067,3380
10067,44147
10067,23015
10067,2184
10067,8188
10067,8138
10080,19877
10080,2865
10080,15678
10152,7099
10152,17472
10158,22092
10158,15496
10158,37478
10200,33524
10200,142
10200,9340
10200,15496
10260,15842
10304,14732
10327,39086
10327,31271
10483,4993
10483,11207
10483,10580
10483,12072
10487,853
10487,1591
10487,2865
10487,41612
10487,16813
10487,17133
10521,26329
10521,33487
10563,6844
10563,38434
10563,37998
10568,28886
10568,13563
10568,109
10568,27855
10568,15496
10568,41360
10568,36967
10568,1788
10580,34385
10580,9198
10580,37650
10580,18386
10580,523
10580,7924
10580,33083
10580,26144
10580,41063
10580,35769
10580,34058
10580,40202
10580,12219
10614,3420
10614,41441
10614,17658
10821,19012
10821,45241
10821,17791
10955,26962
10955,33568
11022,19732
11022,13758
11022,6440
11143,12868
11143,8955
11186,23611
11186,44797
11207,16682
11207,33325
11207,21909
11207,44873
11207,20691
11207,46027
11238,38154
11238,3643
11238,1127
11238,4939
11238,16624
11238,19760
11238,12170
11321,40720
11485,24203
11485,16633
11485,43433
11485,31227
11493,7005
11584,26525
11584,40627
11584,15269
11584,40300
11584,41150
11584,23119
11584,16633
11757,3717
11757,5026
11757,28953
11842,5466
11842,11989
11842,40760
11842,40488
11960,4993
11960,5096
11982,4895
11982,37057
11982,39855
11989,23309
11989,38732
11989,31961
12018,1788
12018,37359
12018,1071
12018,32801
12018,10327
12072,33870
12072,20487
12072,26076
12072,41305
12072,20948
12072,22807
12072,15011
12128,8188
12128,36910
12128,13704
12128,13127
12128,35769
12140,17287
12140,12258
12140,40503
12170,23017
12170,16059
12170,26404
12170,27216
12170,41032
12219,41788
12219,44378
12248,39888
12248,6844
12249,1611
12249,34357
12249,43541
12249,23967
12249,25620
12249,5971
12249,26404
12249,35696
12249,41150
12249,27264
12249,7099
12249,32878
12249,15423
12249,26852
12258,27717
12258,5757
12258,20107
12258,45910
12258,23237
12258,28603
12258,20107
12258,17507
12258,15678
12258,37282
12258,34129
12258,42616
12258,2184
12258,7919
12275,40395
12275,26478
12275,1688
12275,38009
12275,29315
12301,885
12301,43030
12301,20691
12301,8629
12375,44873
12375,31968
12375,34378
12471,14049
12471,9377
12471,6440
12599,39162
12599,14239
12599,29235
12599,23368
12620,31388
12620,45111
12620,26233
12620,15877
12644,14391
12644,43259
12644,15269
12644,35831
12720,39605
12720,13969
12720,29712
12758,14365
12758,2822
12758,21191
12758,38732
12765,31592
12765,22522
12765,16761
12840,646
12840,26233
12840,853
12868,21612
12868,13169
12868,26028
12901,9118
12901,46194
12968,29951
12968,35199
12968,10007
12968,2822
12968,5157
12968,18386
13045,6764
13045,36093
13045,23136
13045,20107
13071,23109
13071,11485
13071,4312
13127,32205
13127,23110
13127,19877
13127,20691
13127,8923
13127,2865
13127,7436
13169,18282
13169,16573
13169,44762
13169,1071
13169,37165
13169,25440
13169,33870
13169,45590
13276,2616
13276,38732
13276,1023
13314,38732
13314,5247
13314,20019
13349,33117
13349,23900
13349,29987
13349,3420
13387,33325
13387,1500
13563,5656
13563,33178
13563,19012
13673,13704
13673,38687
13673,21325
13673,23805
13701,68
13701,21421
13701,29315
13704,7601
13704,35349
13704,12249
13704,6042
13704,42660
13704,38009
13704,10487
13704,41612
13704,42560
13718,3584
13718,8955
13718,2233
13718,153
13718,41788
13758,15423
13758,24543
13758,12140
13758,6910
13758,37650
13758,26962
13844,2953
13844,34129
13844,10152
13878,1068
13878,3076
13878,46024
13878,19012
13878,9377
13878,44253
13940,5134
13940,205
13940,9397
13969,27625
13969,20107
13969,29816
14009,35584
14009,5077
14009,38463
14049,15302
14049,19291
14049,16059
14056,46313
14056,42235
14056,10304
14100,37478
14100,5565
14100,12644
14100,6440
14100,40488
14100,31732
14100,23668
14100,11238
14111,9563
14111,43844
14111,28318
14111,3584
14166,34129
14166,5096
14239,24684
14239,43354
14239,24996
14239,40040
14239,15992
14287,15269
14287,14365
14365,37123
14365,8223
14365,36093
14380,41795
14380,41825
14380,3129
14380,40483
14391,18508
14391,12968
14391,38356
14414,2934
14414,1788
14414,39070
14414,15557
14414,45874
14491,44762
14491,10080
14491,17234
14491,41788
14491,25440
14491,8620
14491,37084
14491,44284
14491,27220
14495,42319
14495,45945
14495,19861
14495,38528
14504,11186
14504,1127
14504,27626
14504,34472
14504,1591
14504,1140
14504,38154
14504,4620
14504,20107
14504,6481
14504,44375
14504,18508
14655,23110
14655,17179
14655,12170
14655,16086
14678,34684
14678,38009
14678,3584
14678,46027
14678,26852
14678,11757
14678,15760
14732,9816
14732,23334
14732,43030
14772,19012
14772,41795
14772,23870
14772,5044
14828,4176
14828,22807
14828,5028
14828,14655
14828,14111
14828,42805
14828,10067
14858,37417
14858,4146
14858,23625
14858,34658
14858,20426
14888,42284
14991,21215
14991,42376
15011,12170
15011,17472
15011,4095
15011,17287
15011,33559
15011,27268
15011,10067
15039,22192
15039,8620
15039,40410
15039,14858
15039,26852
15039,16086
15039,31681
15039,24930
15039,21215
15039,16355
15039,19877
15212,11757
15212,12275
15212,2953
15269,4972
15269,34684
15269,5135
15269,24156
15269,27553
15269,45442
15269,33044
15302,21513
15302,13127
15302,5757
15302,25149
15302,30126
15302,1023
15302,30126
15327,3714
15327,33487
15327,22704
15327,38604
15327,23276
15327,26233
15423,38144
15423,23020
15423,8138
15423,28238
15423,646
15423,37204
15479,26329
15479,45852
15479,20487
15479,10327
15479,42018
15479,14678
15496,4895
15496,27717
15496,14380
15496,42556
15496,23015
15496,37204
15543,2824
15543,23017
15543,2149
15543,6681
15543,30844
15543,38385
15557,15302
15557,26852
15557,44311
15557,29054
15557,16343
15580,142
15580,25440
15678,19012
15678,23041
15678,31821
15678,43807
15678,42166
15760,7208
15760,13701
15760,37566
15842,16355
15842,9233
15842,19732
15842,13878
15842,45442
15853,34684
15853,43844
15853,28238
15877,34658
15877,22067
15877,9711
15877,9118
15877,31650
15877,45687
15992,34047
15992,33325
15992,29816
15992,4185
15992,3231
16059,7099
16059,29712
16059,26144
16086,35188
16086,33083
16086,46299
16086,1127
16086,22801
16086,5427
16095,9377
16095,19223
16095,33325
16095,3643
16095,10080
16097,33789
16097,37146
16097,10580
16097,22176
16159,23787
16159,30652
16159,4312
16159,38096
16325,34047
16325,4536
16325,38917
16325,26852
16343,24543
16343,38154
16343,17591
16343,37204
16350,39126
16350,33870
16350,27268
16350,3076
16355,5077
16355,4895
16355,15992
16355,44972
16355,26507
16355,28238
16355,43354
16355,29289
16355,30575
16401,17450
16401,18079
16401,8620
16401,19653
16401,8629
16507,42556
16507,31388
16507,19739
16573,27220
16573,38009
16573,6844
16573,21089
16580,2149
16580,9274
16622,44473
16624,25620
16624,7697
16624,1303
16624,27836
16633,29816
16633,12072
16633,27672
16633,30407
16633,8397
16633,170
16682,39788
16682,38417
16682,3396
16682,19063
16682,29054
16700,11842
16700,31472
16700,6464
16742,14491
16742,12249
16742,42415
16742,5151
16742,38417
16742,23334
16761,46273
16761,40300
16813,3153
16813,17724
16813,17179
16990,28238
16990,1932
16990,29774
17008,42284
17008,15327
17085,27553
17085,40410
17133,30085
17133,39086
17133,17223
17133,14100
17133,34788
17133,2293
17133,4095
17133,12258
17133,45853
17179,29054
17179,28886
17179,25680
17179,37249
17179,44873
17179,22176
17179,6207
17179,42805
17179,5507
17179,5589
17223,17591
17223,14504
17223,12128
17223,853
17234,16086
17234,15877
17234,8128
17234,31674
17234,6255
17234,27836
17234,5212
17234,34498
17268,20093
17268,37744
17287,1168
17287,16622
17287,39126
17287,19616
17287,40395
17287,30407
17287,26213
17287,30126
17287,31421
17287,45874
17310,17724
17310,38528
17310,20558
17310,6844
17310,37204
17310,26329
17383,29334
17383,12170
17403,18508
17403,5228
17450,17796
17450,35349
17450,35659
17450,38195
17450,12249
17468,13878
17468,42376
17468,3749
17468,41360
17472,7924
17472,9711
17472,24393
17472,28629
17472,20529
17472,39126
17472,35603
17472,33034
17472,14287
17472,41359
17507,24156
17507,20426
17507,2749
17507,38000
17513,12258
17513,19477
17513,2293
17591,23351
17591,22812
17591,13704
17591,14380
17592,19728
17592,35092
17592,37805
17658,43259
17658,14828
17658,24913
17724,20019
17724,38000
17724,20392
17724,4146
17724,24902
17724,42691
17724,24021
17724,24902
17724,43823
17724,31271
17724,39989
17791,13127
17791,29987
17791,25998
17791,37566
17796,8397
17796,30844
17796,5466
17796,15039
17796,42691
17985,23110
17985,24193
17985,12720
17985,21354
17985,39070
17985,23015
18059,10580
18059,27264
18059,17796
18059,5971
18059,463
18079,46342
18079,40110
18079,34047
18136,3584
18136,35603
18136,15853
18136,19739
18238,12258
18238,31968
18238,45241
18238,31388
18238,5212
18252,36498
18252,29054
18282,26962
18282,1932
18282,42376
18282,37207
18282,35584
18386,40760
18386,37207
18386,18059
18386,7601
18386,45241
18386,37165
18508,1231
18508,37146
18508,42235
18508,44253
18508,1023
18508,5083
18543,20019
18543,5228
18847,34551
18847,3312
18847,21513
18893,34872
18893,3312
18893,38434
18910,30899
18910,37204
19012,1611
19012,13878
19012,12249
19012,3610
19012,13071
19012,16700
19012,14504
19012,9711
19012,43823
19012,9008
19059,37249
19059,23075
19059,7801
19059,5026
19063,17133
19063,37146
19063,2211
19063,46024
19063,2816
19063,36834
19063,23805
19063,43259
19063,3838
19098,26507
19098,2184
19098,24156
19119,156
19119,31821
19119,41442
19119,13704
19119,10487
19180,12219
19180,21325
19223,23805
19223,156
19223,3717
19291,23590
19291,24416
19291,4536
19317,24930
19317,34378
19317,2110
19317,33978
19327,45241
19327,12249
19327,21504
19327,33044
19471,40550
19471,21132
19471,36967
19471,12018
19471,8138
19477,10821
19477,1688
19477,12018
19477,28456
19571,15302
19571,29561
19616,17472
19616,12249
19616,9816
19616,44253
19616,10007
19616,11493
19618,31674
19618,22807
19653,38659
19653,39770
19653,33821
19704,42556
19704,22761
19704,22081
19704,35104
19728,33091
19728,33410
19728,25897
19728,20058
19728,10067
19728,25998
19728,25961
19728,23110
19728,33813
19728,23309
19728,25085
19728,45590
19732,43259
19732,16350
19732,2450
19732,6631
19732,32620
19732,13704
19732,44253
19732,12375
19732,43807
19739,30158
19739,14504
19739,34788
19739,6910
19739,37282
19739,9241
19739,13718
19739,23305
19739,22217
19739,10614
19739,3129
19739,36834
19739,42415
19751,12471
19751,463
19751,27211
19751,9340
19760,12170
19760,6681
19760,12968
19760,44815
19861,19063
19861,22812
19861,11584
19861,39919
19877,37057
19877,30575
19877,33083
19877,44762
19877,26599
19877,21421
19902,10563
19902,19728
19902,14678
19902,35659
19902,46024
19902,24913
19936,30857
19936,21421
19936,35349
19936,20658
19936,20343
20019,14365
20019,16095
20019,37664
20019,33117
20019,19059
20019,33789
20019,12968
20019,35199
20019,21909
20028,156
20028,4176
20028,41535
20058,17724
20058,37146
20058,4291
20058,13276
20058,23368
20058,156
20058,39989
20058,25085
20058,19291
20058,16573
20058,27985
20058,2608
20058,9008
20058,38463
20093,20684
20093,23110
20093,109
20107,1591
20107,46024
20107,68
20107,23787
20107,21314
20107,22440
20107,27855
20107,17008
20107,27479
20107,25095
20107,18238
20343,37998
20343,7791
20343,30844
20343,13758
20392,41820
20392,23870
20392,23334
20426,1788
20426,4355
20426,38417
20426,5004
20487,5026
20487,18386
20487,46342
20487,17133
20487,20529
20487,13045
20487,44311
20487,13940
20529,2597
20529,15496
20529,31227
20529,16700
20558,33789
20558,19471
20558,37082
20558,28589
20589,3536
20589,40550
20589,42319
20601,20558
20601,45910
20601,3122
20601,25353
20658,14391
20658,4895
20658,17268
20684,14100
20684,9890
20684,3153
20684,20487
20691,12620
20691,19317
20691,38306
20691,6764
20691,11960
20691,16159
20948,42319
20948,38417
20948,7602
20948,22192
20948,43259
20948,37566
20948,15543
20948,21908
20948,24588
20953,39989
20953,28603
21089,14491
21089,13718
21089,29370
21089,2149
21110,24021
21110,8620
21110,26098
21110,3312
21130,17008
21130,12258
21130,28238
21132,14166
21132,3350
21132,22192
21132,44797
21132,13387
21174,38659
21174,46027
21189,22761
21189,19098
21189,9190
21189,34833
21191,6176
21191,20601
21191,33044
21191,45394
21215,43319
21215,10200
21215,43541
21284,6207
21284,16700
21284,31674
21284,33091
21314,31227
21314,9302
21314,15302
21314,13169
21325,4185
21325,3536
21325,41063
21325,4895
21325,23967
21325,26852
21325,33325
21354,8620
21354,17985
21354,26547
21421,5245
21421,37462
21421,25620
21421,22761
21490,20558
21490,22109
21504,39888
21504,8923
21504,23590
21504,26525
21504,40108
21504,19732
21504,9190
21513,23646
21513,41359
21513,46024
21513,20058
21513,28603
21513,13969
21558,23476
21558,7924
21558,39855
21558,4176
21558,44103
21558,20948
21612,3313
21612,27220
21612,37721
21612,23577
21908,19616
21908,17507
21908,12765
21909,14100
21909,24913
22034,1688
22034,9896
22034,20343
22067,39567
22081,21504
22081,39774
22081,33559
22081,27717
22084,18893
22084,33187
22092,28073
22092,36093
22092,5077
22092,2597
22109,28886
22109,19877
22109,13314
22109,45607
22130,42805
22130,27607
22130,42018
22132,12599
22132,11584
22132,2893
22176,22621
22176,20058
22176,3658
22192,37146
22192,38969
22192,19063
22192,24526
22192,5000
22192,18543
22192,39567
22192,156
22192,40627
22217,14858
22217,14239
22217,156
22217,15011
22217,20058
22217,17513
22217,23075
22217,34047
22283,11207
22283,21130
22285,22132
22285,38009
22285,38128
22343,18508
22343,39839
22343,13940
22343,142
22343,44103
22411,19732
22411,27211
22411,3997
22440,22801
22440,43823
22440,28603
22440,41389
22522,21612
22522,40182
22522,15678
22522,37057
22553,22092
22553,40110
22621,28238
22621,31968
22621,8955
22621,29054
22704,22987
22704,14678
22704,30652
22761,19728
22761,42521
22761,40165
22761,32980
22761,31472
22761,12140
22801,22217
22801,29961
22801,15011
22801,29774
22801,14495
22801,25292
22801,7467
22801,36093
22805,34263
22805,853
22807,44356
22807,23017
22807,27046
22807,18059
22807,17985
22807,38951
22812,31227
22812,24715
22812,11207
22812,142
22812,15543
22987,24930
22987,7467
22987,11485
22987,7436
23015,25002
23015,5428
23015,30085
23015,2149
23015,6910
23015,13169
23015,24156
23015,4095
23015,35188
23015,7697
23017,9198
23017,41788
23017,34129
23017,41612
23017,23511
23017,7601
23017,24996
23017,27772
23017,38385
23017,14100
23017,9503
23017,26599
23020,20658
23020,20058
23020,22084
23020,33601
23041,41359
23041,34833
23041,43129
23041,34022
23041,9377
23041,4939
23041,9563
23075,24416
23075,18508
23075,6764
23075,38195
23075,5589
23075,12248
23076,20107
23076,41795
23109,34047
23109,19739
23109,11842
23110,33091
23110,2934
23110,20426
23110,39667
23110,12599
23110,37462
23110,4084
23110,17791
23110,3584
23110,34173
23110,44873
23119,41442
23119,32980
23136,2616
23136,9563
23136,16325
23237,7228
23237,6844
23237,44981
23237,9604
23237,3717
23237,28569
23237,19098
23237,17724
23237,43259
23276,30844
23276,46337
23276,4084
23276,40760
23305,39126
23305,19317
23305,15011
23309,31650
23309,21490
23309,12072
23321,2597
23321,43259
23334,45557
23334,12840
23334,28603
23334,25680
23334,45575
23334,12765
23334,13878
23351,13127
23368,21284
23368,35199
23368,14504
23368,18910
23368,4718
23476,7099
23476,23900
23476,29289
23476,2934
23476,22522
23476,38197
23476,38463
23476,9896
23476,9563
23476,13045
23476,20948
23511,2953
23511,39667
23511,30407
23511,35188
23511,19739
23511,38144
23577,10821
23577,24996
23577,31681
23577,27772
23577,3610
23577,3076
23590,5077
23590,25156
23590,5044
23590,22801
23590,45241
23590,7924
23611,27220
23611,5083
23611,22801
23611,3222
23611,10580
23625,34551
23625,15269
23625,31961
23646,17133
23646,7697
23646,26507
23668,27717
23668,10483
23668,4993
23787,38009
23787,22192
23787,4291
23805,31227
23805,17724
23805,44797
23870,22192
23870,36044
23870,9506
23870,34872
23870,38498
23870,35816
23900,41535
23900,20028
23900,25620
23900,37824
23900,33524
23967,9524
23967,20392
24021,35688
24021,40202
24021,17450
24021,37387
24021,28886
24070,15992
24070,27264
24156,44103
24156,44981
24156,23305
24156,45945
24156,37710
24156,3350
24193,3129
24193,40760
24193,35109
24193,15423
24193,20948
24193,2211
24203,41535
24203,5028
24393,885
24393,43354
24393,23577
24416,23646
24416,42376
24416,17085
24416,43541
24416,34673
24416,31472
24416,19012
24457,44147
24477,46027
24477,20601
24477,36086
24477,2184
24526,23075
24526,31266
24530,1886
24530,24193
24530,23237
24530,25002
24543,5600
24543,10955
24543,29235
24543,44356
24543,34022
24543,8523
24543,18059
24543,45394
24588,15011
24588,26028
24588,45477
24684,13758
24684,7919
24684,20487
24715,1945
24715,14491
24715,214
24715,24021
24715,25961
24902,31592
24902,23110
24902,9008
24902,39774
24913,22109
24913,43719
24913,37714
24913,14504
24930,8919
24930,18847
24930,4312
24930,4084
24996,30407
24996,34103
24996,18282
24996,23476
25002,15678
25002,40760
25002,40108
25002,9377
25002,5245
25002,41788
25002,33410
25085,43807
25085,170
25085,17507
25085,37204
25085,26028
25085,21132
25095,170
25095,38604
25095,45874
25095,37165
25149,46027
25149,6176
25149,17179
25149,4185
25149,46429
25156,31000
25156,27268
25156,8919
25156,41535
25156,21504
25232,21284
25232,17383
25292,3658
25292,4916
25292,43541
25353,4972
25353,667
25353,42235
25353,17791
25440,15479
25440,16990
25440,3313
25440,19732
25440,1593
25620,12249
25620,38009
25620,35349
25620,12258
25680,38659
25680,22801
25680,8919
25680,12301
25680,2233
25680,5427
25680,26098
25897,31227
25897,44762
25897,7099
25897,16355
25961,3129
25961,16682
25961,30899
25998,5466
25998,24457
25998,4916
26028,37165
26028,11960
26028,9274
26028,39770
26028,39737
26028,33601
26076,3312
26076,23020
26076,40720
26076,22805
26076,14495
26076,44253
26098,30765
26098,40535
26098,16633
26098,27211
26098,21189
26144,23017
26144,5083
26213,40760
26213,4176
26213,37664
26233,6910
26233,40760
26233,35603
26233,45945
26329,10568
26329,32915
26329,29961
26329,3350
26329,5428
26404,8620
26404,8620
26404,18282
26404,3717
26478,40300
26478,23334
26507,42376
26507,27268
26507,23368
26507,40165
26525,23237
26525,15039
26547,25085
26547,28589
26599,27717
26599,44873
26775,42319
26775,33813
26775,8923
26775,9241
26775,19902
26852,41870
26852,6844
26852,3107
26852,33789
26852,15039
26852,17223
26852,29961
26852,24416
26852,7005
26852,39535
26859,37650
26859,8608
26859,41612
26859,27626
26859,33568
26962,27985
26962,16086
26962,16355
26962,5507
26962,4028
26962,17796
26962,18893
27025,38385
27025,33044
27025,4176
27046,34658
27046,19902
27046,38969
27046,3107
27046,23476
27211,32205
27211,17133
27211,38128
27211,2211
27211,13349
27211,21558
27211,3643
27211,7467
27211,15853
27216,19936
27216,9602
27220,36086
27220,17287
27220,24543
27220,21189
27220,41444
27220,2865
27264,23075
27264,37284
27264,24477
27264,7604
27264,463
27264,30972
27264,44797
27268,42719
27268,12249
27268,24715
27268,27985
27268,28886
27268,36176
27268,44284
27268,21089
27268,1906
27268,22285
27268,30573
27479,7801
27479,23577
27479,29902
27479,13169
27479,44284
27553,16325
27553,21504
27607,12275
27607,9241
27607,5507
27625,40202
27625,23237
27625,20019
27626,12072
27626,21284
27626,21110
27626,37824
27626,26775
27672,16355
27672,25440
27672,5588
27672,19728
27672,45852
27672,32587
27672,13045
27672,33187
27672,38528
27717,12128
27717,17796
27717,21513
27717,16624
27717,7791
27717,2865
27717,5096
27772,10580
27772,27046
27772,5971
27832,1886
27832,15557
27836,16350
27836,26076
27836,25998
27855,34551
27855,8188
27855,20058
27855,19732
27985,19327
27985,44253
27985,3312
27985,45607
27985,18386
28073,37165
28073,10067
28073,42261
28073,101
28238,3313
28238,16325
28238,37462
28238,11982
28238,7228
28238,39788
28238,25680
28238,37710
28238,38306
28238,38470
28238,1140
28238,6764
28238,13704
28318,37165
28318,27264
28318,5135
28318,27672
28318,5723
28456,14380
28456,1127
28514,12620
28514,16990
28514,42245
28514,33601
28514,44797
28514,36498
28514,3717
28514,22217
28514,36967
28514,9190
28514,23511
28569,27672
28569,35584
28569,42257
28589,39788
28589,19571
28589,5723
28603,7924
28603,31968
28603,43893
28603,44981
28603,19861
28603,41535
28603,37387
28603,9138
28603,18238
28629,17234
28629,15842
28886,14491
28886,5157
28886,24193
28886,40182
28886,27855
28886,1688
28953,19477
28953,34047
28953,10487
28953,2749
29054,35349
29054,17472
29054,41788
29054,28073
29054,20019
29054,19760
29054,22192
29054,43823
29054,22217
29054,46313
29054,19223
29054,31266
29054,43253
29054,20019
29235,15302
29235,8523
29235,5971
29235,15039
29289,35696
29289,15877
29289,2149
29289,13071
29315,39422
29315,19180
29315,45853
29315,3536
29334,14772
29334,5080
29370,23017
29370,39774
29370,9506
29370,39888
29370,18386
29370,20589
29561,34129
29561,23590
29561,40535
29561,19739
29567,45131
29567,9377
29567,23075
29567,12249
29644,6481
29644,30901
29644,37650
29644,44375
29644,46257
29712,9890
29712,33091
29712,1168
29712,25095
29712,37057
29774,12599
29774,23870
29774,44473
29816,9377
29816,32363
29816,20948
29860,19739
29860,45048
29860,8629
29860,41442
29902,4972
29902,5589
29902,43319
29902,2211
29902,32172
29902,23136
29902,34472
29902,32205
29951,20426
29951,27672
29961,44375
29961,44378
29961,25095
29961,3122
29987,41063
29987,22805
29987,20601
29987,35314
29987,44284
30085,2865
30085,22440
30085,3536
30085,32620
30126,2293
30126,45048
30126,28318
30126,10580
30126,23668
30126,16343
30158,4291
30158,25002
30407,42245
30407,23511
30407,15877
30407,5428
30407,20691
30573,33187
30573,5083
30575,12375
30575,19063
30575,5270
30652,22109
30652,5247
30652,42376
30765,23511
30844,27672
30844,37650
30844,22132
30844,44761
30844,38434
30857,17179
30899,40410
30899,4355
30899,10483
30901,41150
30901,17724
30901,31674
30901,27479
30972,43893
30972,25353
30972,15557
31000,40003
31000,1168
31000,33325
31227,43541
31227,23110
31227,33868
31227,2293
31227,35479
31227,45910
31227,3496
31266,18136
31266,5044
31266,31388
31266,11584
31271,12720
31271,19012
31271,975
31388,29054
31388,45394
31388,45241
31388,33325
31388,12258
31388,36093
31388,37082
31388,14772
31388,40488
31421,16682
31421,37744
31472,42257
31472,9711
31472,33601
31472,40503
31472,20953
31472,20343
31592,29334
31592,35584
31592,11238
31650,20093
31650,41444
31650,32801
31650,39888
31650,19861
31650,44761
31650,23041
31674,41441
31674,45874
31674,40165
31674,30407
31674,3396
31674,37824
31674,19704
31674,3380
31674,44972
31674,205
31678,26852
31678,15212
31678,14504
31678,12758
31681,40182
31681,34129
31681,1591
31681,38951
31681,4146
31681,46313
31732,5212
31732,31592
31732,17268
31762,10580
31762,35769
31762,29774
31762,29902
31821,45111
31821,20948
31821,40760
31821,21325
31961,42261
31961,9770
31961,39567
31961,19739
31961,46429
31961,31271
31968,37207
31968,35688
31968,29902
31968,14678
31968,16742
31968,24715
31968,19063
31968,43433
32094,5135
32094,12258
32094,156
32172,31674
32172,19618
32191,13276
32191,22411
32191,10007
32191,8629
32205,6440
32205,13701
32205,21325
32205,12868
32205,40503
32205,24530
32248,40488
32248,35188
32363,36093
32363,5028
32363,45111
32382,39675
32382,6207
32382,26404
32587,26404
32587,45853
32620,6642
32620,24684
32620,30972
32620,35479
32620,13758
32620,2293
32801,38961
32801,40300
32801,44981
32801,38009
32878,38624
32878,41820
32878,36176
32878,23119
32878,17472
32915,9604
32915,975
32915,39575
32980,15212
32980,11485
32980,19616
32980,25961
33034,23334
33034,23015
33034,14414
33034,38154
33044,2608
33044,8608
33044,20107
33044,43893
33044,9233
33081,44877
33083,14056
33083,14858
33083,40535
33083,20601
33083,28886
33083,3222
33083,27672
33083,8336
33083,20019
33091,23321
33091,40300
33091,45442
33091,35816
33091,45852
33117,3312
33117,7919
33117,7436
33126,19751
33126,38195
33126,22084
33126,24021
33126,11757
33126,12072
33126,23577
33126,45607
33178,4993
33178,19063
33178,19616
33178,3610
33187,3312
33187,12018
33187,24530
33187,42376
33187,43541
33187,40395
33325,45427
33325,18079
33325,28603
33325,42166
33325,5971
33325,37998
33325,32172
33325,18847
33325,16624
33325,33083
33410,18238
33410,44873
33487,1906
33487,45557
33487,3312
33487,22440
33524,4620
33524,38901
33524,6176
33524,38009
33524,11238
33524,2947
33545,13387
33545,37664
33559,29712
33559,40720
33559,39598
33559,34103
33568,21490
33568,40110
33568,6176
33568,26028
33601,14828
33601,37466
33601,16097
33601,3420
33601,1688
33601,41935
33601,30901
33789,5565
33789,14100
33789,23368
33789,14287
33789,16742
33789,20953
33789,17223
33789,4355
33789,9506
33789,41825
33810,33978
33810,22192
33810,19739
33810,38000
33813,44870
33813,22812
33813,34058
33813,29561
33821,9816
33821,12758
33868,36176
33868,2211
33870,36910
33870,21612
33870,6
33870,16401
33870,31266
33978,32191
33978,37204
33978,15039
33978,31227
34022,43807
34022,34658
34022,5656
34022,2597
34022,36910
34047,29054
34047,24684
34047,33810
34047,10563
34047,19877
34047,40720
34047,14414
34047,38470
34058,9241
34058,44356
34058,10614
34103,12249
34103,17310
34103,9602
34103,2149
34103,1886
34129,10580
34129,29961
34129,27772
34129,10067
34129,27717
34129,23476
34129,667
34173,33789
34173,22343
34173,32191
34173,8188
34173,26233
34173,45607
34173,17724
34173,33091
34173,2816
34263,9302
34263,18136
34263,17985
34263,25680
34263,41389
34263,19317
34263,15039
34357,33868
34357,24543
34357,24203
34378,14111
34378,41535
34378,31650
34378,29902
34385,37123
34385,12471
34472,24588
34472,17179
34472,6557
34472,19616
34498,42691
34498,15543
34551,36086
34551,13673
34551,17658
34551,28238
34551,23646
34551,33810
34658,29370
34658,7697
34658,27479
34658,32801
34658,19739
34673,463
34673,41935
34673,23625
34673,23017
34673,33601
34684,29567
34684,24715
34684,6042
34684,19732
34684,15760
34788,2947
34788,38961
34788,646
34788,2110
34833,15842
34833,42166
34833,44761
34833,36086
34872,18543
34872,23476
34872,31681
35092,17591
35092,43253
35092,7791
35104,39667
35104,2865
35104,12275
35109,19732
35109,15269
35109,38000
35109,19571
35109,37282
35188,34673
35188,44378
35188,39888
35188,2865
35188,34173
35188,2816
35188,39598
35199,44981
35199,22217
35199,37387
35199,27264
35314,17468
35314,3838
35314,37744
35349,36834
35349,44375
35349,15543
35349,9138
35349,27264
35349,24930
35349,31961
35349,33789
35349,20058
35349,35109
35470,35769
35470,35816
35470,29567
35479,17287
35479,10067
35479,33187
35584,23020
35584,32094
35584,3584
35584,3380
35584,14491
35584,27607
35603,8893
35603,17472
35603,9340
35659,24913
35659,41825
35659,21110
35659,18282
35688,11584
35688,20589
35688,21325
35688,36910
35688,37466
35696,35831
35696,22807
35696,2822
35769,39567
35769,14655
35769,34833
35769,12301
35816,10821
35816,23109
35816,21132
35831,2824
35831,29235
35831,38009
35831,1611
35831,4355
36044,45477
36044,44253
36044,18136
36086,40488
36086,8620
36086,885
36086,7208
36086,20058
36093,19063
36093,19861
36093,29561
36093,39888
36093,6464
36093,22440
36093,10200
36093,43253
36093,30126
36176,6844
36176,10152
36176,1500
36176,44335
36498,3997
36498,23076
36498,22343
36498,39865
36498,32205
36834,3536
36834,16350
36834,10568
36834,24070
36834,7601
36893,15678
36893,8421
36893,16095
36910,34378
36910,37824
36910,38917
36910,1127
36910,42018
36910,18910
36967,8955
36967,16813
36967,15423
36967,25002
37057,46313
37057,21908
37057,40108
37057,33601
37057,44762
37082,42376
37082,42616
37082,7924
37082,8629
37082,41360
37084,29370
37084,21191
37084,13704
37123,34047
37123,23590
37123,14414
37123,38306
37146,3749
37146,21908
37146,32363
37146,36044
37146,8397
37146,34788
37165,4986
37165,20487
37165,32248
37165,28238
37165,4895
37165,3231
37165,31000
37204,25149
37204,34173
37204,23476
37204,25002
37204,45607
37204,34173
37204,15580
37204,29902
37204,16095
37204,2293
37204,29054
37204,7099
37204,23577
37204,14049
37207,9198
37207,10483
37207,38624
37207,5588
37220,35349
37220,11982
37220,23870
37249,9602
37249,7604
37249,22132
37249,12840
37282,22621
37282,26329
37282,8620
37282,13844
37282,29951
37284,37805
37284,17133
37284,29644
37284,24902
37359,41820
37359,4718
37387,5466
37387,26329
37387,34263
37417,35659
37417,35188
37417,19704
37417,44335
37417,17234
37417,2616
37462,43338
37462,19327
37462,34103
37462,3610
37462,31650
37466,36086
37466,15479
37466,35470
37478,31968
37478,46299
37478,34673
37478,26507
37566,21314
37566,38624
37566,8955
37566,29644
37566,37710
37650,4718
37650,13169
37650,27626
37650,32363
37650,15992
37650,19119
37664,37566
37664,8219
37664,11207
37664,25680
37664,27264
37664,1906
37710,36093
37710,26962
37710,17287
37710,1945
37714,22343
37714,24526
37714,26852
37721,27211
37721,22704
37744,19471
37744,42415
37744,45241
37744,40410
37805,4355
37805,39774
37805,14495
37805,29567
37824,38381
37824,14504
37824,17591
37824,19751
37824,4993
37998,5245
37998,46342
37998,26775
37998,13878
37998,46273
37998,37710
37998,19739
37998,4972
37998,19877
38000,8608
38000,68
38000,17450
38000,9711
38000,9506
38009,28238
38009,37082
38009,37146
38009,27626
38009,16633
38009,19728
38009,43253
38009,41820
38009,17472
38009,33870
38009,5134
38009,24530
38096,41820
38096,17133
38096,44311
38096,4916
38128,23476
38128,9503
38128,13969
38128,41612
38128,23017
38144,33178
38144,23017
38154,23015
38154,45241
38154,14100
38154,16343
38195,5588
38195,5083
38195,22034
38195,5428
38195,19902
38197,19471
38197,15327
38197,33789
38306,9816
38306,9302
38306,17985
38306,23017
38356,20589
38356,16633
38356,101
38381,27985
38385,37998
38385,21132
38385,15842
38385,39737
38385,13349
38385,13718
38417,29860
38417,31968
38417,23787
38417,45477
38434,15327
38434,27268
38434,28238
38434,38195
38434,5000
38463,10200
38463,9274
38463,37282
38463,43823
38463,9198
38470,43823
38470,1140
38498,40550
38498,40108
38528,667
38528,43807
38528,42261
38528,17234
38604,39788
38604,44877
38604,7601
38604,17472
38604,31961
38604,667
38624,40040
38624,27046
38624,22343
38624,42319
38624,33083
38659,10568
38659,13349
38659,42556
38659,46027
38659,5971
38687,9377
38687,43541
38687,39535
38690,23075
38690,3312
38732,41150
38732,19119
38732,31968
38732,29987
38901,1593
38901,44762
38901,5004
38901,27626
38917,3107
38917,5004
38917,14828
38951,23136
38951,16401
38961,11989
38961,23020
38961,4916
38969,8336
38969,44311
38969,22411
38969,2509
39070,39855
39070,33978
39070,35688
39086,6176
39086,5247
39086,40300
39126,43450
39126,21558
39126,19936
39126,24902
39126,43319
39162,34658
39162,21325
39422,17133
39535,26213
39535,32980
39546,38969
39567,21284
39567,17234
39567,11584
39567,37805
39567,10200
39567,2865
39575,1140
39575,41032
39575,20948
39598,28238
39598,25292
39598,20107
39605,6176
39667,22522
39667,32248
39667,41032
39667,44473
39667,16507
39667,4620
39675,7005
39675,1303
39675,37282
39737,10568
39737,3610
39770,42284
39770,20558
39770,23590
39774,31732
39774,28514
39774,38356
39774,27832
39788,35109
39788,40165
39788,1945
39788,22807
39788,42521
39788,12072
39839,35831
39839,42560
39855,8620
39855,41150
39855,43129
39855,14678
39865,13314
39865,11207
39865,23015
39888,29567
39888,8620
39888,35696
39888,21174
39888,31472
39888,13045
39888,1303
39888,7919
39919,1023
39919,3129
39919,19471
39989,27672
39989,20058
39989,28514
39989,1906
40003,21215
40003,45687
40040,45241
40040,3096
40040,37998
40108,19477
40108,15479
40108,566
40108,21314
40110,20107
40110,13718
40110,12644
40110,14111
40110,37082
40165,15302
40165,17592
40165,28073
40165,17179
40165,46027
40182,1906
40182,41795
40182,5044
40182,836
40202,20691
40202,19936
40202,1591
40202,40110
40202,25149
40300,26098
40300,12018
40300,13127
40300,27985
40300,32382
40300,885
40300,3107
40395,35659
40395,23334
40395,6176
40395,40410
40395,13314
40395,37359
40410,5245
40410,32878
40410,44356
40410,12248
40410,11842
40483,40040
40483,24477
40483,45557
40483,14504
40488,21504
40488,31388
40488,23041
40488,24070
40488,7099
40503,7208
40503,2509
40503,17234
40535,42415
40535,22801
40535,22130
40535,12765
40550,2608
40550,25002
40550,38463
40550,8421
40550,35314
40550,8138
40627,15496
40627,7641
40720,23590
40720,35188
40720,20948
40720,30901
40720,3555
40720,12258
40760,31674
40760,37650
40760,3222
40760,38901
40760,9241
40760,22217
40760,29289
40760,19653
40760,11022
40760,11989
41032,31650
41032,28073
41032,12140
41032,4993
41063,24996
41063,19012
41063,43823
41063,15496
41150,41444
41150,30899
41150,6764
41150,20058
41150,31388
41150,4291
41150,42556
41305,8893
41359,14009
41359,30085
41359,41150
41359,37721
41359,4146
41360,21110
41360,853
41360,14828
41360,42415
41389,28514
41389,31472
41389,5157
41441,23076
41441,19902
41441,44981
41442,37204
41442,4146
41442,12901
41444,21132
41444,21513
41444,19327
41444,44473
41535,7208
41535,17310
41535,5656
41535,22130
41535,6255
41535,42319
41535,5096
41535,1168
41612,6681
41612,6440
41612,17513
41612,1945
41612,43338
41612,38901
41788,35349
41788,2616
41788,21612
41788,15479
41788,12258
41788,19728
41788,24543
41795,4355
41795,21504
41795,13673
41795,35584
41820,17468
41820,16325
41820,24588
41820,38385
41820,10568
41820,17592
41820,35314
41825,45241
41825,34788
41825,14239
41825,26962
41870,3312
41870,8318
41935,38096
41935,30844
41935,23041
42018,33487
42018,39919
42018,26775
42018,13169
42166,41389
42166,37284
42166,36893
42166,38604
42235,39919
42235,44335
42235,7207
42235,28953
42235,44981
42245,19728
42245,20058
42245,16573
42257,4993
42257,27211
42261,22283
42261,4146
42261,26213
42261,15543
42261,25353
42284,29644
42284,34263
42284,19936
42319,17791
42319,37466
42319,15853
42319,14049
42319,20529
42319,7207
42376,23321
42376,23276
42376,40483
42376,38969
42376,34263
42376,29860
42376,10521
42376,37478
42376,23015
42376,23015
42415,14678
42415,44311
42415,11186
42415,25156
42415,22081
42521,4176
42521,37204
42556,37249
42556,8138
42556,21354
42556,46028
42556,9190
42556,13701
42556,8923
42560,34022
42560,42376
42560,15557
42616,6
42616,41788
42616,23237
42660,31000
42660,22092
42660,24543
42691,37084
42691,5428
42691,11321
42719,46194
42719,24156
42805,33487
42805,3122
42805,29860
42805,17234
43030,31674
43030,20658
43129,43541
43129,5466
43129,42261
43253,11238
43253,16059
43253,23237
43253,14495
43253,23577
43253,36834
43259,3444
43259,6464
43259,27211
43259,16159
43259,5507
43259,46337
43259,29902
43259,17179
43259,35470
43319,13127
43319,1688
43319,17658
43319,8223
43319,38463
43338,46299
43338,15423
43338,43893
43338,12620
43354,26852
43354,27211
43354,9604
43433,18282
43433,27268
43450,14828
43450,21558
43450,11022
43541,33126
43541,38306
43541,45852
43541,17133
43541,7602
43541,34498
43541,44335
43541,27268
43541,18252
43719,22553
43719,45852
43807,27268
43807,42556
43807,34263
43807,31388
43807,32382
43807,46024
43823,14655
43823,45874
43823,14491
43823,27672
43823,38385
43823,15760
43823,33178
43844,205
43844,45241
43893,39598
43893,11842
43893,16095
43893,23305
43893,31650
43893,41820
43893,28514
44103,3312
44103,153
44103,13169
44103,18386
44103,21089
44103,29902
44147,16633
44147,34103
44147,46429
44147,45477
44149,12275
44149,26852
44253,12840
44253,5971
44253,28953
44253,4590
44253,34173
44253,15479
44253,31674
44253,68
44253,19739
44284,8421
44284,23476
44284,14678
44284,32801
44284,5507
44311,10158
44311,12968
44311,28953
44311,33789
44311,5134
44335,22807
44335,21189
44335,28318
44335,17403
44335,26859
44356,18238
44356,28514
44356,95
44356,45590
44356,38128
44356,16761
44375,29054
44375,10483
44375,4355
44375,27625
44375,5971
44375,7601
44375,2293
44375,37220
44375,29289
44378,44375
44378,13673
44378,15039
44473,27220
44473,2233
44473,27211
44473,12968
44473,1906
44473,5245
44761,41444
44761,2824
44761,19317
44762,13940
44762,5723
44762,1127
44762,205
44762,16813
44762,10580
44762,6255
44797,23015
44797,43259
44797,46337
44797,9241
44797,13169
44815,27046
44815,14056
44815,21130
44870,28589
44870,7924
44870,33813
44873,23476
44873,43338
44873,16159
44873,40110
44873,13758
44873,5971
44873,45477
44877,9377
44877,6440
44877,19471
44877,14504
44877,19739
44972,14991
44972,34472
44981,26859
44981,1140
44981,19728
44981,25149
44981,46273
44981,33870
44981,39788
44981,22283
44981,40202
45048,13563
45048,14100
45111,35831
45111,12275
45111,36498
45111,16573
45131,16355
45241,39667
45241,44375
45241,11238
45241,19180
45241,26076
45241,15269
45241,23017
45241,39888
45241,21513
45241,29054
45241,27268
45241,22801
45241,31762
45241,14380
45394,13844
45394,7436
45394,37664
45427,29712
45427,39839
45442,16742
45442,22081
45442,1932
45442,38385
45477,21089
45477,37417
45477,21421
45477,4185
45477,41935
45557,646
45557,1068
45557,31650
45575,29054
45575,26859
45575,24393
45590,5080
45590,25085
45590,25232
45607,40535
45607,42805
45607,9604
45607,16086
45607,10067
45687,18893
45687,16401
45687,37998
45852,43253
45852,35584
45852,22553
45852,5427
45852,17310
45852,2149
45852,8608
45853,4037
45853,44147
45853,21325
45874,33083
45874,25353
45874,46337
45874,33601
45874,26547
45874,6481
45874,35831
45874,17383
45874,22812
45910,11022
45910,9563
45910,33117
45910,6681
45945,30972
45945,44473
45945,26478
45945,44149
46024,1140
46024,44103
46024,5565
46024,3555
46024,15580
46024,44149
46024,19704
46027,14009
46027,46342
46027,18847
46027,6042
46027,1127
46027,7824
46027,10487
46027,21189
46028,14009
46028,23334
46194,27268
46194,43450
46194,32878
46257,10580
46273,6042
46273,7604
46273,31762
46299,4176
46299,32878
46299,39667
46299,8219
46313,11143
46313,35104
46313,45852
46313,37204
46313,12901
46337,17450
46337,6681
46337,33568
46337,14772
46342,35104
46342,10260
46342,17450
46342,12128
46429,5000
46429,37462
46429,13704
46429,22411
